{
  "gaussian_vs_input_full": {
    "shape_a": [
      1080,
      1920,
      3
    ],
    "shape_b": [
      1080,
      1920,
      3
    ],
    "min_delta": -255,
    "max_delta": 164,
    "mean_abs_delta": 3.3228846772119343,
    "max_abs_delta": 255,
    "changed_channels": 4777539,
    "changed_pixels": 1836422,
    "psnr_db": 26.15127675438671,
    "out_min": 0,
    "out_max": 255,
    "out_mean": 73.25878745498972,
    "out_std": 79.19371628947954
  },
  "gaussian_vs_input_valid_roi": {
    "shape_a": [
      1076,
      1916,
      3
    ],
    "shape_b": [
      1076,
      1916,
      3
    ],
    "min_delta": -118,
    "max_delta": 164,
    "mean_abs_delta": 2.77585253509868,
    "max_abs_delta": 164,
    "changed_channels": 4741624,
    "changed_pixels": 1824438,
    "psnr_db": 30.552467875164595,
    "out_min": 0,
    "out_max": 255,
    "out_mean": 73.68463461026043,
    "out_std": 79.22577137270852
  },
  "sharpen_vs_input_full": {
    "shape_a": [
      1080,
      1920,
      3
    ],
    "shape_b": [
      1080,
      1920,
      3
    ],
    "min_delta": -255,
    "max_delta": 22,
    "mean_abs_delta": 73.71768148791152,
    "max_abs_delta": 255,
    "changed_channels": 6200365,
    "changed_pixels": 2073598,
    "psnr_db": 7.446385026613083,
    "out_min": 0,
    "out_max": 48,
    "out_mean": 0.37807789994855967,
    "out_std": 1.4166672236660174
  },
  "sharpen_vs_input_valid_roi": {
    "shape_a": [
      1076,
      1916,
      3
    ],
    "shape_b": [
      1076,
      1916,
      3
    ],
    "min_delta": -255,
    "max_delta": 22,
    "mean_abs_delta": 73.57984836490726,
    "max_abs_delta": 255,
    "changed_channels": 6164450,
    "changed_pixels": 2061614,
    "psnr_db": 7.458775388090605,
    "out_min": 0,
    "out_max": 48,
    "out_mean": 0.3802756349064682,
    "out_std": 1.4204845953348388
  }
}